round,sensor_id,aoi_before,aoi_after,visited
1,1,0,19,0
1,2,0,19,0
1,3,0,19,0
1,4,0,5,1
1,5,0,19,0
1,6,0,19,0
1,7,0,19,0
1,8,0,1,1
1,9,0,19,0
1,10,0,13,1
1,11,0,19,0
1,12,0,19,0
1,13,0,19,0
1,14,0,19,0
1,15,0,19,0
1,16,0,19,0
1,17,0,19,0
1,18,0,19,0
1,19,0,19,0
1,20,0,19,0
1,21,0,19,0
1,22,0,19,0
1,23,0,19,0
1,24,0,19,0
1,25,0,19,0
1,26,0,19,0
1,27,0,19,0
1,28,0,19,0
1,29,0,19,0
1,30,0,19,0
1,31,0,19,0
1,32,0,19,0
1,33,0,3,1
1,34,0,19,0
1,35,0,19,0
1,36,0,19,0
1,37,0,19,0
1,38,0,19,0
1,39,0,19,0
1,40,0,15,1
1,41,0,17,1
1,42,0,19,0
1,43,0,19,0
1,44,0,19,0
1,45,0,19,0
1,46,0,19,0
1,47,0,19,0
1,48,0,19,0
1,49,0,19,0
1,50,0,19,0
1,51,0,19,0
1,52,0,19,0
1,53,0,19,0
1,54,0,19,0
1,55,0,19,0
1,56,0,19,0
1,57,0,19,0
1,58,0,19,0
1,59,0,19,0
1,60,0,19,0
1,61,0,11,1
1,62,0,19,0
1,63,0,19,0
1,64,0,7,1
1,65,0,19,0
1,66,0,19,0
1,67,0,19,0
1,68,0,19,0
1,69,0,19,0
1,70,0,9,1
1,71,0,19,0
1,72,0,19,0
1,73,0,19,0
1,74,0,19,0
1,75,0,19,0
1,76,0,19,0
1,77,0,19,0
1,78,0,19,0
1,79,0,19,0
1,80,0,19,0
1,81,0,19,0
1,82,0,19,0
1,83,0,19,0
1,84,0,19,0
1,85,0,19,0
1,86,0,19,0
1,87,0,19,0
1,88,0,19,0
1,89,0,19,0
1,90,0,19,0
1,91,0,19,0
1,92,0,19,0
1,93,0,19,0
1,94,0,19,0
1,95,0,19,0
1,96,0,19,0
1,97,0,19,0
1,98,0,19,0
1,99,0,19,0
1,100,0,19,0
2,1,19,38,0
2,2,19,17,1
2,3,19,38,0
2,4,5,24,0
2,5,19,38,0
2,6,19,38,0
2,7,19,38,0
2,8,1,20,0
2,9,19,38,0
2,10,13,32,0
2,11,19,38,0
2,12,19,38,0
2,13,19,38,0
2,14,19,38,0
2,15,19,38,0
2,16,19,38,0
2,17,19,38,0
2,18,19,38,0
2,19,19,1,1
2,20,19,38,0
2,21,19,5,1
2,22,19,7,1
2,23,19,38,0
2,24,19,38,0
2,25,19,38,0
2,26,19,38,0
2,27,19,38,0
2,28,19,38,0
2,29,19,38,0
2,30,19,38,0
2,31,19,38,0
2,32,19,38,0
2,33,3,22,0
2,34,19,38,0
2,35,19,38,0
2,36,19,38,0
2,37,19,38,0
2,38,19,38,0
2,39,19,38,0
2,40,15,34,0
2,41,17,36,0
2,42,19,38,0
2,43,19,38,0
2,44,19,38,0
2,45,19,9,1
2,46,19,38,0
2,47,19,38,0
2,48,19,38,0
2,49,19,3,1
2,50,19,38,0
2,51,19,38,0
2,52,19,38,0
2,53,19,38,0
2,54,19,38,0
2,55,19,38,0
2,56,19,38,0
2,57,19,38,0
2,58,19,38,0
2,59,19,38,0
2,60,19,38,0
2,61,11,30,0
2,62,19,38,0
2,63,19,11,1
2,64,7,26,0
2,65,19,38,0
2,66,19,38,0
2,67,19,38,0
2,68,19,38,0
2,69,19,38,0
2,70,9,28,0
2,71,19,38,0
2,72,19,38,0
2,73,19,38,0
2,74,19,38,0
2,75,19,38,0
2,76,19,38,0
2,77,19,38,0
2,78,19,38,0
2,79,19,38,0
2,80,19,38,0
2,81,19,38,0
2,82,19,38,0
2,83,19,38,0
2,84,19,38,0
2,85,19,38,0
2,86,19,38,0
2,87,19,38,0
2,88,19,38,0
2,89,19,13,1
2,90,19,38,0
2,91,19,38,0
2,92,19,38,0
2,93,19,15,1
2,94,19,38,0
2,95,19,38,0
2,96,19,38,0
2,97,19,38,0
2,98,19,38,0
2,99,19,38,0
2,100,19,38,0
3,1,38,57,0
3,2,17,36,0
3,3,38,11,1
3,4,24,43,0
3,5,38,57,0
3,6,38,57,0
3,7,38,57,0
3,8,20,39,0
3,9,38,57,0
3,10,32,51,0
3,11,38,57,0
3,12,38,57,0
3,13,38,57,0
3,14,38,57,0
3,15,38,57,0
3,16,38,57,0
3,17,38,1,1
3,18,38,57,0
3,19,1,20,0
3,20,38,57,0
3,21,5,24,0
3,22,7,26,0
3,23,38,57,0
3,24,38,57,0
3,25,38,57,0
3,26,38,57,0
3,27,38,57,0
3,28,38,57,0
3,29,38,57,0
3,30,38,57,0
3,31,38,57,0
3,32,38,57,0
3,33,22,41,0
3,34,38,57,0
3,35,38,57,0
3,36,38,57,0
3,37,38,5,1
3,38,38,57,0
3,39,38,57,0
3,40,34,53,0
3,41,36,17,1
3,42,38,57,0
3,43,38,57,0
3,44,38,57,0
3,45,9,28,0
3,46,38,57,0
3,47,38,57,0
3,48,38,57,0
3,49,3,22,0
3,50,38,7,1
3,51,38,57,0
3,52,38,57,0
3,53,38,57,0
3,54,38,57,0
3,55,38,57,0
3,56,38,57,0
3,57,38,57,0
3,58,38,57,0
3,59,38,15,1
3,60,38,57,0
3,61,30,49,0
3,62,38,57,0
3,63,11,30,0
3,64,26,45,0
3,65,38,57,0
3,66,38,57,0
3,67,38,57,0
3,68,38,57,0
3,69,38,57,0
3,70,28,47,0
3,71,38,57,0
3,72,38,57,0
3,73,38,57,0
3,74,38,57,0
3,75,38,57,0
3,76,38,57,0
3,77,38,57,0
3,78,38,57,0
3,79,38,13,1
3,80,38,57,0
3,81,38,9,1
3,82,38,57,0
3,83,38,57,0
3,84,38,57,0
3,85,38,57,0
3,86,38,57,0
3,87,38,57,0
3,88,38,57,0
3,89,13,32,0
3,90,38,57,0
3,91,38,57,0
3,92,38,57,0
3,93,15,34,0
3,94,38,57,0
3,95,38,57,0
3,96,38,57,0
3,97,38,57,0
3,98,38,57,0
3,99,38,3,1
3,100,38,57,0
4,1,57,76,0
4,2,36,55,0
4,3,11,30,0
4,4,43,7,1
4,5,57,76,0
4,6,57,76,0
4,7,57,76,0
4,8,39,3,1
4,9,57,76,0
4,10,51,15,1
4,11,57,76,0
4,12,57,76,0
4,13,57,76,0
4,14,57,76,0
4,15,57,76,0
4,16,57,76,0
4,17,1,20,0
4,18,57,76,0
4,19,20,39,0
4,20,57,76,0
4,21,24,43,0
4,22,26,45,0
4,23,57,76,0
4,24,57,76,0
4,25,57,76,0
4,26,57,76,0
4,27,57,76,0
4,28,57,76,0
4,29,57,76,0
4,30,57,76,0
4,31,57,76,0
4,32,57,76,0
4,33,41,5,1
4,34,57,76,0
4,35,57,76,0
4,36,57,76,0
4,37,5,24,0
4,38,57,76,0
4,39,57,76,0
4,40,53,17,1
4,41,17,36,0
4,42,57,76,0
4,43,57,76,0
4,44,57,76,0
4,45,28,47,0
4,46,57,76,0
4,47,57,76,0
4,48,57,76,0
4,49,22,41,0
4,50,7,26,0
4,51,57,76,0
4,52,57,76,0
4,53,57,76,0
4,54,57,76,0
4,55,57,76,0
4,56,57,76,0
4,57,57,76,0
4,58,57,76,0
4,59,15,34,0
4,60,57,76,0
4,61,49,13,1
4,62,57,76,0
4,63,30,49,0
4,64,45,9,1
4,65,57,76,0
4,66,57,76,0
4,67,57,76,0
4,68,57,76,0
4,69,57,1,1
4,70,47,11,1
4,71,57,76,0
4,72,57,76,0
4,73,57,76,0
4,74,57,76,0
4,75,57,76,0
4,76,57,76,0
4,77,57,76,0
4,78,57,76,0
4,79,13,32,0
4,80,57,76,0
4,81,9,28,0
4,82,57,76,0
4,83,57,76,0
4,84,57,76,0
4,85,57,76,0
4,86,57,76,0
4,87,57,76,0
4,88,57,76,0
4,89,32,51,0
4,90,57,76,0
4,91,57,76,0
4,92,57,76,0
4,93,34,53,0
4,94,57,76,0
4,95,57,76,0
4,96,57,76,0
4,97,57,76,0
4,98,57,76,0
4,99,3,22,0
4,100,57,76,0
5,1,76,95,0
5,2,55,17,1
5,3,30,49,0
5,4,7,26,0
5,5,76,95,0
5,6,76,95,0
5,7,76,1,1
5,8,3,22,0
5,9,76,95,0
5,10,15,34,0
5,11,76,95,0
5,12,76,95,0
5,13,76,95,0
5,14,76,95,0
5,15,76,95,0
5,16,76,95,0
5,17,20,39,0
5,18,76,95,0
5,19,39,58,0
5,20,76,95,0
5,21,43,62,0
5,22,45,7,1
5,23,76,95,0
5,24,76,95,0
5,25,76,95,0
5,26,76,95,0
5,27,76,95,0
5,28,76,95,0
5,29,76,95,0
5,30,76,95,0
5,31,76,95,0
5,32,76,95,0
5,33,5,24,0
5,34,76,95,0
5,35,76,95,0
5,36,76,95,0
5,37,24,43,0
5,38,76,95,0
5,39,76,95,0
5,40,17,36,0
5,41,36,55,0
5,42,76,95,0
5,43,76,95,0
5,44,76,95,0
5,45,47,9,1
5,46,76,95,0
5,47,76,95,0
5,48,76,95,0
5,49,41,60,0
5,50,26,45,0
5,51,76,95,0
5,52,76,95,0
5,53,76,95,0
5,54,76,95,0
5,55,76,95,0
5,56,76,5,1
5,57,76,95,0
5,58,76,95,0
5,59,34,53,0
5,60,76,95,0
5,61,13,32,0
5,62,76,95,0
5,63,49,11,1
5,64,9,28,0
5,65,76,95,0
5,66,76,95,0
5,67,76,95,0
5,68,76,95,0
5,69,1,20,0
5,70,11,30,0
5,71,76,3,1
5,72,76,95,0
5,73,76,95,0
5,74,76,95,0
5,75,76,95,0
5,76,76,95,0
5,77,76,95,0
5,78,76,95,0
5,79,32,51,0
5,80,76,95,0
5,81,28,47,0
5,82,76,95,0
5,83,76,95,0
5,84,76,95,0
5,85,76,95,0
5,86,76,95,0
5,87,76,95,0
5,88,76,95,0
5,89,51,13,1
5,90,76,95,0
5,91,76,95,0
5,92,76,95,0
5,93,53,15,1
5,94,76,95,0
5,95,76,95,0
5,96,76,95,0
5,97,76,95,0
5,98,76,95,0
5,99,22,41,0
5,100,76,95,0
6,1,95,114,0
6,2,17,36,0
6,3,49,68,0
6,4,26,45,0
6,5,95,114,0
6,6,95,114,0
6,7,1,20,0
6,8,22,41,0
6,9,95,114,0
6,10,34,53,0
6,11,95,114,0
6,12,95,114,0
6,13,95,114,0
6,14,95,11,1
6,15,95,114,0
6,16,95,114,0
6,17,39,9,1
6,18,95,114,0
6,19,58,77,0
6,20,95,5,1
6,21,62,81,0
6,22,7,26,0
6,23,95,114,0
6,24,95,114,0
6,25,95,114,0
6,26,95,114,0
6,27,95,114,0
6,28,95,114,0
6,29,95,114,0
6,30,95,114,0
6,31,95,114,0
6,32,95,114,0
6,33,24,43,0
6,34,95,114,0
6,35,95,114,0
6,36,95,114,0
6,37,43,62,0
6,38,95,114,0
6,39,95,114,0
6,40,36,55,0
6,41,55,17,1
6,42,95,114,0
6,43,95,114,0
6,44,95,114,0
6,45,9,28,0
6,46,95,114,0
6,47,95,114,0
6,48,95,114,0
6,49,60,79,0
6,50,45,64,0
6,51,95,114,0
6,52,95,114,0
6,53,95,114,0
6,54,95,114,0
6,55,95,114,0
6,56,5,24,0
6,57,95,114,0
6,58,95,114,0
6,59,53,15,1
6,60,95,3,1
6,61,32,51,0
6,62,95,114,0
6,63,11,30,0
6,64,28,47,0
6,65,95,114,0
6,66,95,114,0
6,67,95,114,0
6,68,95,114,0
6,69,20,39,0
6,70,30,49,0
6,71,3,22,0
6,72,95,114,0
6,73,95,114,0
6,74,95,114,0
6,75,95,1,1
6,76,95,114,0
6,77,95,114,0
6,78,95,114,0
6,79,51,13,1
6,80,95,114,0
6,81,47,66,0
6,82,95,114,0
6,83,95,114,0
6,84,95,114,0
6,85,95,114,0
6,86,95,114,0
6,87,95,114,0
6,88,95,114,0
6,89,13,32,0
6,90,95,114,0
6,91,95,114,0
6,92,95,114,0
6,93,15,34,0
6,94,95,114,0
6,95,95,114,0
6,96,95,114,0
6,97,95,114,0
6,98,95,7,1
6,99,41,60,0
6,100,95,114,0
7,1,114,133,0
7,2,36,55,0
7,3,68,87,0
7,4,45,64,0
7,5,114,133,0
7,6,114,133,0
7,7,20,39,0
7,8,41,60,0
7,9,114,17,1
7,10,53,72,0
7,11,114,133,0
7,12,114,133,0
7,13,114,9,1
7,14,11,30,0
7,15,114,133,0
7,16,114,3,1
7,17,9,28,0
7,18,114,133,0
7,19,77,96,0
7,20,5,24,0
7,21,81,100,0
7,22,26,45,0
7,23,114,133,0
7,24,114,133,0
7,25,114,133,0
7,26,114,133,0
7,27,114,133,0
7,28,114,133,0
7,29,114,133,0
7,30,114,133,0
7,31,114,133,0
7,32,114,133,0
7,33,43,62,0
7,34,114,133,0
7,35,114,133,0
7,36,114,133,0
7,37,62,81,0
7,38,114,133,0
7,39,114,133,0
7,40,55,74,0
7,41,17,36,0
7,42,114,133,0
7,43,114,133,0
7,44,114,133,0
7,45,28,47,0
7,46,114,133,0
7,47,114,133,0
7,48,114,133,0
7,49,79,98,0
7,50,64,83,0
7,51,114,1,1
7,52,114,133,0
7,53,114,133,0
7,54,114,15,1
7,55,114,133,0
7,56,24,43,0
7,57,114,7,1
7,58,114,133,0
7,59,15,34,0
7,60,3,22,0
7,61,51,70,0
7,62,114,133,0
7,63,30,49,0
7,64,47,66,0
7,65,114,133,0
7,66,114,133,0
7,67,114,11,1
7,68,114,133,0
7,69,39,58,0
7,70,49,68,0
7,71,22,41,0
7,72,114,133,0
7,73,114,133,0
7,74,114,13,1
7,75,1,20,0
7,76,114,133,0
7,77,114,133,0
7,78,114,133,0
7,79,13,32,0
7,80,114,133,0
7,81,66,85,0
7,82,114,133,0
7,83,114,133,0
7,84,114,133,0
7,85,114,133,0
7,86,114,133,0
7,87,114,133,0
7,88,114,133,0
7,89,32,51,0
7,90,114,5,1
7,91,114,133,0
7,92,114,133,0
7,93,34,53,0
7,94,114,133,0
7,95,114,133,0
7,96,114,133,0
7,97,114,133,0
7,98,7,26,0
7,99,60,79,0
7,100,114,133,0
8,1,133,152,0
8,2,55,74,0
8,3,87,1,1
8,4,64,7,1
8,5,133,152,0
8,6,133,152,0
8,7,39,58,0
8,8,60,3,1
8,9,17,36,0
8,10,72,15,1
8,11,133,152,0
8,12,133,152,0
8,13,9,28,0
8,14,30,49,0
8,15,133,152,0
8,16,3,22,0
8,17,28,47,0
8,18,133,152,0
8,19,96,115,0
8,20,24,43,0
8,21,100,119,0
8,22,45,64,0
8,23,133,152,0
8,24,133,152,0
8,25,133,152,0
8,26,133,152,0
8,27,133,152,0
8,28,133,152,0
8,29,133,152,0
8,30,133,152,0
8,31,133,152,0
8,32,133,152,0
8,33,62,5,1
8,34,133,152,0
8,35,133,152,0
8,36,133,152,0
8,37,81,100,0
8,38,133,152,0
8,39,133,152,0
8,40,74,17,1
8,41,36,55,0
8,42,133,152,0
8,43,133,152,0
8,44,133,152,0
8,45,47,66,0
8,46,133,152,0
8,47,133,152,0
8,48,133,152,0
8,49,98,117,0
8,50,83,102,0
8,51,1,20,0
8,52,133,152,0
8,53,133,152,0
8,54,15,34,0
8,55,133,152,0
8,56,43,62,0
8,57,7,26,0
8,58,133,152,0
8,59,34,53,0
8,60,22,41,0
8,61,70,13,1
8,62,133,152,0
8,63,49,68,0
8,64,66,9,1
8,65,133,152,0
8,66,133,152,0
8,67,11,30,0
8,68,133,152,0
8,69,58,77,0
8,70,68,11,1
8,71,41,60,0
8,72,133,152,0
8,73,133,152,0
8,74,13,32,0
8,75,20,39,0
8,76,133,152,0
8,77,133,152,0
8,78,133,152,0
8,79,32,51,0
8,80,133,152,0
8,81,85,104,0
8,82,133,152,0
8,83,133,152,0
8,84,133,152,0
8,85,133,152,0
8,86,133,152,0
8,87,133,152,0
8,88,133,152,0
8,89,51,70,0
8,90,5,24,0
8,91,133,152,0
8,92,133,152,0
8,93,53,72,0
8,94,133,152,0
8,95,133,152,0
8,96,133,152,0
8,97,133,152,0
8,98,26,45,0
8,99,79,98,0
8,100,133,152,0
9,1,152,171,0
9,2,74,17,1
9,3,1,20,0
9,4,7,26,0
9,5,152,171,0
9,6,152,171,0
9,7,58,77,0
9,8,3,22,0
9,9,36,55,0
9,10,15,34,0
9,11,152,171,0
9,12,152,171,0
9,13,28,47,0
9,14,49,68,0
9,15,152,171,0
9,16,22,41,0
9,17,47,66,0
9,18,152,171,0
9,19,115,1,1
9,20,43,62,0
9,21,119,5,1
9,22,64,7,1
9,23,152,171,0
9,24,152,171,0
9,25,152,171,0
9,26,152,171,0
9,27,152,171,0
9,28,152,171,0
9,29,152,171,0
9,30,152,171,0
9,31,152,171,0
9,32,152,171,0
9,33,5,24,0
9,34,152,171,0
9,35,152,171,0
9,36,152,171,0
9,37,100,119,0
9,38,152,171,0
9,39,152,171,0
9,40,17,36,0
9,41,55,74,0
9,42,152,171,0
9,43,152,171,0
9,44,152,171,0
9,45,66,9,1
9,46,152,171,0
9,47,152,171,0
9,48,152,171,0
9,49,117,3,1
9,50,102,121,0
9,51,20,39,0
9,52,152,171,0
9,53,152,171,0
9,54,34,53,0
9,55,152,171,0
9,56,62,81,0
9,57,26,45,0
9,58,152,171,0
9,59,53,72,0
9,60,41,60,0
9,61,13,32,0
9,62,152,171,0
9,63,68,11,1
9,64,9,28,0
9,65,152,171,0
9,66,152,171,0
9,67,30,49,0
9,68,152,171,0
9,69,77,96,0
9,70,11,30,0
9,71,60,79,0
9,72,152,171,0
9,73,152,171,0
9,74,32,51,0
9,75,39,58,0
9,76,152,171,0
9,77,152,171,0
9,78,152,171,0
9,79,51,70,0
9,80,152,171,0
9,81,104,123,0
9,82,152,171,0
9,83,152,171,0
9,84,152,171,0
9,85,152,171,0
9,86,152,171,0
9,87,152,171,0
9,88,152,171,0
9,89,70,13,1
9,90,24,43,0
9,91,152,171,0
9,92,152,171,0
9,93,72,15,1
9,94,152,171,0
9,95,152,171,0
9,96,152,171,0
9,97,152,171,0
9,98,45,64,0
9,99,98,117,0
9,100,152,171,0
10,1,171,190,0
10,2,17,36,0
10,3,20,39,0
10,4,26,45,0
10,5,171,190,0
10,6,171,190,0
10,7,77,96,0
10,8,22,41,0
10,9,55,74,0
10,10,34,53,0
10,11,171,190,0
10,12,171,190,0
10,13,47,66,0
10,14,68,3,1
10,15,171,190,0
10,16,41,60,0
10,17,66,5,1
10,18,171,190,0
10,19,1,20,0
10,20,62,81,0
10,21,5,24,0
10,22,7,26,0
10,23,171,190,0
10,24,171,190,0
10,25,171,190,0
10,26,171,190,0
10,27,171,190,0
10,28,171,190,0
10,29,171,190,0
10,30,171,190,0
10,31,171,190,0
10,32,171,190,0
10,33,24,43,0
10,34,171,190,0
10,35,171,190,0
10,36,171,190,0
10,37,119,9,1
10,38,171,190,0
10,39,171,190,0
10,40,36,55,0
10,41,74,17,1
10,42,171,190,0
10,43,171,190,0
10,44,171,190,0
10,45,9,28,0
10,46,171,190,0
10,47,171,190,0
10,48,171,190,0
10,49,3,22,0
10,50,121,11,1
10,51,39,58,0
10,52,171,190,0
10,53,171,190,0
10,54,53,72,0
10,55,171,190,0
10,56,81,100,0
10,57,45,64,0
10,58,171,190,0
10,59,72,15,1
10,60,60,79,0
10,61,32,51,0
10,62,171,190,0
10,63,11,30,0
10,64,28,47,0
10,65,171,190,0
10,66,171,190,0
10,67,49,68,0
10,68,171,190,0
10,69,96,115,0
10,70,30,49,0
10,71,79,98,0
10,72,171,190,0
10,73,171,190,0
10,74,51,70,0
10,75,58,77,0
10,76,171,190,0
10,77,171,190,0
10,78,171,190,0
10,79,70,13,1
10,80,171,190,0
10,81,123,142,0
10,82,171,190,0
10,83,171,190,0
10,84,171,190,0
10,85,171,190,0
10,86,171,190,0
10,87,171,190,0
10,88,171,190,0
10,89,13,32,0
10,90,43,62,0
10,91,171,190,0
10,92,171,190,0
10,93,15,34,0
10,94,171,190,0
10,95,171,190,0
10,96,171,190,0
10,97,171,190,0
10,98,64,1,1
10,99,117,7,1
10,100,171,190,0
11,1,190,209,0
11,2,36,55,0
11,3,39,58,0
11,4,45,64,0
11,5,190,209,0
11,6,190,209,0
11,7,96,115,0
11,8,41,60,0
11,9,74,93,0
11,10,53,72,0
11,11,190,209,0
11,12,190,13,1
11,13,66,85,0
11,14,3,22,0
11,15,190,209,0
11,16,60,79,0
11,17,5,24,0
11,18,190,209,0
11,19,20,39,0
11,20,81,100,0
11,21,24,43,0
11,22,26,45,0
11,23,190,209,0
11,24,190,209,0
11,25,190,209,0
11,26,190,209,0
11,27,190,209,0
11,28,190,209,0
11,29,190,209,0
11,30,190,209,0
11,31,190,209,0
11,32,190,209,0
11,33,43,62,0
11,34,190,209,0
11,35,190,209,0
11,36,190,209,0
11,37,9,28,0
11,38,190,209,0
11,39,190,17,1
11,40,55,74,0
11,41,17,36,0
11,42,190,209,0
11,43,190,209,0
11,44,190,209,0
11,45,28,47,0
11,46,190,209,0
11,47,190,209,0
11,48,190,209,0
11,49,22,41,0
11,50,11,30,0
11,51,58,77,0
11,52,190,7,1
11,53,190,209,0
11,54,72,91,0
11,55,190,209,0
11,56,100,119,0
11,57,64,83,0
11,58,190,209,0
11,59,15,34,0
11,60,79,98,0
11,61,51,70,0
11,62,190,209,0
11,63,30,49,0
11,64,47,66,0
11,65,190,209,0
11,66,190,209,0
11,67,68,87,0
11,68,190,209,0
11,69,115,134,0
11,70,49,68,0
11,71,98,117,0
11,72,190,209,0
11,73,190,9,1
11,74,70,89,0
11,75,77,96,0
11,76,190,209,0
11,77,190,3,1
11,78,190,209,0
11,79,13,32,0
11,80,190,209,0
11,81,142,15,1
11,82,190,209,0
11,83,190,209,0
11,84,190,209,0
11,85,190,209,0
11,86,190,209,0
11,87,190,1,1
11,88,190,209,0
11,89,32,51,0
11,90,62,81,0
11,91,190,5,1
11,92,190,11,1
11,93,34,53,0
11,94,190,209,0
11,95,190,209,0
11,96,190,209,0
11,97,190,209,0
11,98,1,20,0
11,99,7,26,0
11,100,190,209,0
12,1,209,228,0
12,2,55,74,0
12,3,58,77,0
12,4,64,83,0
12,5,209,228,0
12,6,209,1,1
12,7,115,15,1
12,8,60,79,0
12,9,93,112,0
12,10,72,91,0
12,11,209,228,0
12,12,13,32,0
12,13,85,104,0
12,14,22,41,0
12,15,209,11,1
12,16,79,98,0
12,17,24,43,0
12,18,209,228,0
12,19,39,58,0
12,20,100,119,0
12,21,43,62,0
12,22,45,64,0
12,23,209,228,0
12,24,209,228,0
12,25,209,228,0
12,26,209,228,0
12,27,209,228,0
12,28,209,228,0
12,29,209,3,1
12,30,209,228,0
12,31,209,7,1
12,32,209,228,0
12,33,62,81,0
12,34,209,228,0
12,35,209,228,0
12,36,209,228,0
12,37,28,47,0
12,38,209,228,0
12,39,17,36,0
12,40,74,93,0
12,41,36,55,0
12,42,209,228,0
12,43,209,228,0
12,44,209,228,0
12,45,47,66,0
12,46,209,5,1
12,47,209,228,0
12,48,209,228,0
12,49,41,60,0
12,50,30,49,0
12,51,77,96,0
12,52,7,26,0
12,53,209,228,0
12,54,91,110,0
12,55,209,17,1
12,56,119,138,0
12,57,83,102,0
12,58,209,228,0
12,59,34,53,0
12,60,98,117,0
12,61,70,89,0
12,62,209,228,0
12,63,49,68,0
12,64,66,85,0
12,65,209,228,0
12,66,209,9,1
12,67,87,106,0
12,68,209,228,0
12,69,134,153,0
12,70,68,87,0
12,71,117,136,0
12,72,209,228,0
12,73,9,28,0
12,74,89,108,0
12,75,96,115,0
12,76,209,228,0
12,77,3,22,0
12,78,209,228,0
12,79,32,51,0
12,80,209,13,1
12,81,15,34,0
12,82,209,228,0
12,83,209,228,0
12,84,209,228,0
12,85,209,228,0
12,86,209,228,0
12,87,1,20,0
12,88,209,228,0
12,89,51,70,0
12,90,81,100,0
12,91,5,24,0
12,92,11,30,0
12,93,53,72,0
12,94,209,228,0
12,95,209,228,0
12,96,209,228,0
12,97,209,228,0
12,98,20,39,0
12,99,26,45,0
12,100,209,228,0
13,1,228,5,1
13,2,74,93,0
13,3,77,96,0
13,4,83,102,0
13,5,228,247,0
13,6,1,20,0
13,7,15,34,0
13,8,79,98,0
13,9,112,131,0
13,10,91,110,0
13,11,228,247,0
13,12,32,51,0
13,13,104,123,0
13,14,41,60,0
13,15,11,30,0
13,16,98,117,0
13,17,43,62,0
13,18,228,247,0
13,19,58,77,0
13,20,119,138,0
13,21,62,81,0
13,22,64,83,0
13,23,228,247,0
13,24,228,247,0
13,25,228,1,1
13,26,228,247,0
13,27,228,247,0
13,28,228,247,0
13,29,3,22,0
13,30,228,247,0
13,31,7,26,0
13,32,228,247,0
13,33,81,100,0
13,34,228,247,0
13,35,228,247,0
13,36,228,7,1
13,37,47,66,0
13,38,228,247,0
13,39,36,55,0
13,40,93,112,0
13,41,55,74,0
13,42,228,247,0
13,43,228,247,0
13,44,228,247,0
13,45,66,85,0
13,46,5,24,0
13,47,228,13,1
13,48,228,247,0
13,49,60,79,0
13,50,49,68,0
13,51,96,115,0
13,52,26,45,0
13,53,228,247,0
13,54,110,129,0
13,55,17,36,0
13,56,138,157,0
13,57,102,121,0
13,58,228,247,0
13,59,53,72,0
13,60,117,136,0
13,61,89,108,0
13,62,228,247,0
13,63,68,87,0
13,64,85,104,0
13,65,228,247,0
13,66,9,28,0
13,67,106,125,0
13,68,228,247,0
13,69,153,172,0
13,70,87,106,0
13,71,136,155,0
13,72,228,15,1
13,73,28,47,0
13,74,108,127,0
13,75,115,134,0
13,76,228,17,1
13,77,22,41,0
13,78,228,247,0
13,79,51,70,0
13,80,13,32,0
13,81,34,53,0
13,82,228,247,0
13,83,228,9,1
13,84,228,247,0
13,85,228,3,1
13,86,228,247,0
13,87,20,39,0
13,88,228,247,0
13,89,70,89,0
13,90,100,119,0
13,91,24,43,0
13,92,30,49,0
13,93,72,91,0
13,94,228,11,1
13,95,228,247,0
13,96,228,247,0
13,97,228,247,0
13,98,39,58,0
13,99,45,64,0
13,100,228,247,0
14,1,5,24,0
14,2,93,17,1
14,3,96,115,0
14,4,102,3,1
14,5,247,266,0
14,6,20,39,0
14,7,34,53,0
14,8,98,117,0
14,9,131,150,0
14,10,110,11,1
14,11,247,266,0
14,12,51,70,0
14,13,123,142,0
14,14,60,79,0
14,15,30,49,0
14,16,117,136,0
14,17,62,81,0
14,18,247,266,0
14,19,77,96,0
14,20,138,157,0
14,21,81,100,0
14,22,83,102,0
14,23,247,266,0
14,24,247,266,0
14,25,1,20,0
14,26,247,266,0
14,27,247,266,0
14,28,247,266,0
14,29,22,41,0
14,30,247,266,0
14,31,26,45,0
14,32,247,266,0
14,33,100,1,1
14,34,247,266,0
14,35,247,266,0
14,36,7,26,0
14,37,66,85,0
14,38,247,266,0
14,39,55,74,0
14,40,112,13,1
14,41,74,93,0
14,42,247,266,0
14,43,247,266,0
14,44,247,266,0
14,45,85,104,0
14,46,24,43,0
14,47,13,32,0
14,48,247,266,0
14,49,79,98,0
14,50,68,87,0
14,51,115,134,0
14,52,45,64,0
14,53,247,266,0
14,54,129,148,0
14,55,36,55,0
14,56,157,176,0
14,57,121,140,0
14,58,247,266,0
14,59,72,91,0
14,60,136,155,0
14,61,108,9,1
14,62,247,266,0
14,63,87,106,0
14,64,104,5,1
14,65,247,266,0
14,66,28,47,0
14,67,125,144,0
14,68,247,266,0
14,69,172,191,0
14,70,106,7,1
14,71,155,174,0
14,72,15,34,0
14,73,47,66,0
14,74,127,146,0
14,75,134,153,0
14,76,17,36,0
14,77,41,60,0
14,78,247,266,0
14,79,70,89,0
14,80,32,51,0
14,81,53,72,0
14,82,247,266,0
14,83,9,28,0
14,84,247,266,0
14,85,3,22,0
14,86,247,266,0
14,87,39,58,0
14,88,247,266,0
14,89,89,108,0
14,90,119,138,0
14,91,43,62,0
14,92,49,68,0
14,93,91,15,1
14,94,11,30,0
14,95,247,266,0
14,96,247,266,0
14,97,247,266,0
14,98,58,77,0
14,99,64,83,0
14,100,247,266,0
15,1,24,43,0
15,2,17,36,0
15,3,115,134,0
15,4,3,22,0
15,5,266,285,0
15,6,39,58,0
15,7,53,72,0
15,8,117,15,1
15,9,150,11,1
15,10,11,30,0
15,11,266,285,0
15,12,70,89,0
15,13,142,3,1
15,14,79,98,0
15,15,49,68,0
15,16,136,155,0
15,17,81,100,0
15,18,266,285,0
15,19,96,115,0
15,20,157,176,0
15,21,100,119,0
15,22,102,121,0
15,23,266,285,0
15,24,266,285,0
15,25,20,39,0
15,26,266,285,0
15,27,266,285,0
15,28,266,285,0
15,29,41,60,0
15,30,266,285,0
15,31,45,64,0
15,32,266,285,0
15,33,1,20,0
15,34,266,285,0
15,35,266,285,0
15,36,26,45,0
15,37,85,104,0
15,38,266,285,0
15,39,74,93,0
15,40,13,32,0
15,41,93,17,1
15,42,266,285,0
15,43,266,285,0
15,44,266,285,0
15,45,104,123,0
15,46,43,62,0
15,47,32,51,0
15,48,266,285,0
15,49,98,117,0
15,50,87,106,0
15,51,134,153,0
15,52,64,83,0
15,53,266,285,0
15,54,148,9,1
15,55,55,74,0
15,56,176,195,0
15,57,140,1,1
15,58,266,285,0
15,59,91,110,0
15,60,155,174,0
15,61,9,28,0
15,62,266,285,0
15,63,106,125,0
15,64,5,24,0
15,65,266,285,0
15,66,47,66,0
15,67,144,5,1
15,68,266,285,0
15,69,191,13,1
15,70,7,26,0
15,71,174,193,0
15,72,34,53,0
15,73,66,85,0
15,74,146,7,1
15,75,153,172,0
15,76,36,55,0
15,77,60,79,0
15,78,266,285,0
15,79,89,108,0
15,80,51,70,0
15,81,72,91,0
15,82,266,285,0
15,83,28,47,0
15,84,266,285,0
15,85,22,41,0
15,86,266,285,0
15,87,58,77,0
15,88,266,285,0
15,89,108,127,0
15,90,138,157,0
15,91,62,81,0
15,92,68,87,0
15,93,15,34,0
15,94,30,49,0
15,95,266,285,0
15,96,266,285,0
15,97,266,285,0
15,98,77,96,0
15,99,83,102,0
15,100,266,285,0
16,1,43,62,0
16,2,36,55,0
16,3,134,13,1
16,4,22,41,0
16,5,285,304,0
16,6,58,77,0
16,7,72,91,0
16,8,15,34,0
16,9,11,30,0
16,10,30,49,0
16,11,285,304,0
16,12,89,108,0
16,13,3,22,0
16,14,98,1,1
16,15,68,87,0
16,16,155,174,0
16,17,100,3,1
16,18,285,304,0
16,19,115,134,0
16,20,176,195,0
16,21,119,138,0
16,22,121,140,0
16,23,285,304,0
16,24,285,304,0
16,25,39,58,0
16,26,285,304,0
16,27,285,304,0
16,28,285,304,0
16,29,60,79,0
16,30,285,304,0
16,31,64,83,0
16,32,285,304,0
16,33,20,39,0
16,34,285,304,0
16,35,285,304,0
16,36,45,64,0
16,37,104,7,1
16,38,285,304,0
16,39,93,112,0
16,40,32,51,0
16,41,17,36,0
16,42,285,304,0
16,43,285,304,0
16,44,285,304,0
16,45,123,142,0
16,46,62,81,0
16,47,51,70,0
16,48,285,304,0
16,49,117,136,0
16,50,106,9,1
16,51,153,172,0
16,52,83,102,0
16,53,285,304,0
16,54,9,28,0
16,55,74,93,0
16,56,195,214,0
16,57,1,20,0
16,58,285,304,0
16,59,110,17,1
16,60,174,193,0
16,61,28,47,0
16,62,285,304,0
16,63,125,144,0
16,64,24,43,0
16,65,285,304,0
16,66,66,85,0
16,67,5,24,0
16,68,285,304,0
16,69,13,32,0
16,70,26,45,0
16,71,193,212,0
16,72,53,72,0
16,73,85,104,0
16,74,7,26,0
16,75,172,191,0
16,76,55,74,0
16,77,79,98,0
16,78,285,304,0
16,79,108,15,1
16,80,70,89,0
16,81,91,11,1
16,82,285,304,0
16,83,47,66,0
16,84,285,304,0
16,85,41,60,0
16,86,285,304,0
16,87,77,96,0
16,88,285,304,0
16,89,127,146,0
16,90,157,176,0
16,91,81,100,0
16,92,87,106,0
16,93,34,53,0
16,94,49,68,0
16,95,285,304,0
16,96,285,304,0
16,97,285,304,0
16,98,96,115,0
16,99,102,5,1
16,100,285,304,0
17,1,62,81,0
17,2,55,74,0
17,3,13,32,0
17,4,41,60,0
17,5,304,323,0
17,6,77,96,0
17,7,91,3,1
17,8,34,53,0
17,9,30,49,0
17,10,49,68,0
17,11,304,323,0
17,12,108,127,0
17,13,22,41,0
17,14,1,20,0
17,15,87,106,0
17,16,174,193,0
17,17,3,22,0
17,18,304,323,0
17,19,134,153,0
17,20,195,214,0
17,21,138,9,1
17,22,140,11,1
17,23,304,323,0
17,24,304,323,0
17,25,58,77,0
17,26,304,323,0
17,27,304,323,0
17,28,304,323,0
17,29,79,98,0
17,30,304,323,0
17,31,83,102,0
17,32,304,323,0
17,33,39,58,0
17,34,304,323,0
17,35,304,323,0
17,36,64,83,0
17,37,7,26,0
17,38,304,323,0
17,39,112,131,0
17,40,51,70,0
17,41,36,55,0
17,42,304,323,0
17,43,304,323,0
17,44,304,323,0
17,45,142,13,1
17,46,81,100,0
17,47,70,89,0
17,48,304,323,0
17,49,136,155,0
17,50,9,28,0
17,51,172,191,0
17,52,102,121,0
17,53,304,323,0
17,54,28,47,0
17,55,93,1,1
17,56,214,7,1
17,57,20,39,0
17,58,304,323,0
17,59,17,36,0
17,60,193,212,0
17,61,47,66,0
17,62,304,323,0
17,63,144,15,1
17,64,43,62,0
17,65,304,323,0
17,66,85,104,0
17,67,24,43,0
17,68,304,323,0
17,69,32,51,0
17,70,45,64,0
17,71,212,5,1
17,72,72,91,0
17,73,104,123,0
17,74,26,45,0
17,75,191,210,0
17,76,74,93,0
17,77,98,117,0
17,78,304,323,0
17,79,15,34,0
17,80,89,108,0
17,81,11,30,0
17,82,304,323,0
17,83,66,85,0
17,84,304,323,0
17,85,60,79,0
17,86,304,323,0
17,87,96,115,0
17,88,304,323,0
17,89,146,17,1
17,90,176,195,0
17,91,100,119,0
17,92,106,125,0
17,93,53,72,0
17,94,68,87,0
17,95,304,323,0
17,96,304,323,0
17,97,304,323,0
17,98,115,134,0
17,99,5,24,0
17,100,304,323,0
18,1,81,100,0
18,2,74,93,0
18,3,32,51,0
18,4,60,79,0
18,5,323,342,0
18,6,96,115,0
18,7,3,22,0
18,8,53,72,0
18,9,49,68,0
18,10,68,87,0
18,11,323,5,1
18,12,127,146,0
18,13,41,60,0
18,14,20,39,0
18,15,106,125,0
18,16,193,212,0
18,17,22,41,0
18,18,323,3,1
18,19,153,172,0
18,20,214,233,0
18,21,9,28,0
18,22,11,30,0
18,23,323,342,0
18,24,323,7,1
18,25,77,96,0
18,26,323,342,0
18,27,323,342,0
18,28,323,342,0
18,29,98,117,0
18,30,323,342,0
18,31,102,121,0
18,32,323,342,0
18,33,58,77,0
18,34,323,342,0
18,35,323,342,0
18,36,83,102,0
18,37,26,45,0
18,38,323,1,1
18,39,131,150,0
18,40,70,89,0
18,41,55,74,0
18,42,323,13,1
18,43,323,342,0
18,44,323,17,1
18,45,13,32,0
18,46,100,119,0
18,47,89,108,0
18,48,323,342,0
18,49,155,174,0
18,50,28,47,0
18,51,191,210,0
18,52,121,140,0
18,53,323,342,0
18,54,47,66,0
18,55,1,20,0
18,56,7,26,0
18,57,39,58,0
18,58,323,9,1
18,59,36,55,0
18,60,212,231,0
18,61,66,85,0
18,62,323,342,0
18,63,15,34,0
18,64,62,81,0
18,65,323,342,0
18,66,104,123,0
18,67,43,62,0
18,68,323,342,0
18,69,51,70,0
18,70,64,83,0
18,71,5,24,0
18,72,91,110,0
18,73,123,142,0
18,74,45,64,0
18,75,210,15,1
18,76,93,112,0
18,77,117,136,0
18,78,323,342,0
18,79,34,53,0
18,80,108,127,0
18,81,30,49,0
18,82,323,342,0
18,83,85,104,0
18,84,323,342,0
18,85,79,98,0
18,86,323,342,0
18,87,115,134,0
18,88,323,342,0
18,89,17,36,0
18,90,195,214,0
18,91,119,138,0
18,92,125,144,0
18,93,72,91,0
18,94,87,106,0
18,95,323,342,0
18,96,323,342,0
18,97,323,11,1
18,98,134,153,0
18,99,24,43,0
18,100,323,342,0
19,1,100,119,0
19,2,93,112,0
19,3,51,70,0
19,4,79,98,0
19,5,342,361,0
19,6,115,134,0
19,7,22,41,0
19,8,72,91,0
19,9,68,87,0
19,10,87,106,0
19,11,5,24,0
19,12,146,165,0
19,13,60,79,0
19,14,39,58,0
19,15,125,144,0
19,16,212,231,0
19,17,41,60,0
19,18,3,22,0
19,19,172,191,0
19,20,233,17,1
19,21,28,47,0
19,22,30,49,0
19,23,342,361,0
19,24,7,26,0
19,25,96,115,0
19,26,342,9,1
19,27,342,361,0
19,28,342,361,0
19,29,117,136,0
19,30,342,361,0
19,31,121,140,0
19,32,342,361,0
19,33,77,96,0
19,34,342,361,0
19,35,342,3,1
19,36,102,121,0
19,37,45,64,0
19,38,1,20,0
19,39,150,169,0
19,40,89,108,0
19,41,74,93,0
19,42,13,32,0
19,43,342,361,0
19,44,17,36,0
19,45,32,51,0
19,46,119,138,0
19,47,108,127,0
19,48,342,11,1
19,49,174,193,0
19,50,47,66,0
19,51,210,229,0
19,52,140,159,0
19,53,342,361,0
19,54,66,85,0
19,55,20,39,0
19,56,26,45,0
19,57,58,77,0
19,58,9,28,0
19,59,55,74,0
19,60,231,13,1
19,61,85,104,0
19,62,342,361,0
19,63,34,53,0
19,64,81,100,0
19,65,342,361,0
19,66,123,142,0
19,67,62,81,0
19,68,342,361,0
19,69,70,89,0
19,70,83,102,0
19,71,24,43,0
19,72,110,129,0
19,73,142,7,1
19,74,64,83,0
19,75,15,34,0
19,76,112,131,0
19,77,136,155,0
19,78,342,361,0
19,79,53,72,0
19,80,127,146,0
19,81,49,68,0
19,82,342,1,1
19,83,104,123,0
19,84,342,361,0
19,85,98,117,0
19,86,342,361,0
19,87,134,153,0
19,88,342,361,0
19,89,36,55,0
19,90,214,233,0
19,91,138,157,0
19,92,144,5,1
19,93,91,110,0
19,94,106,125,0
19,95,342,361,0
19,96,342,361,0
19,97,11,30,0
19,98,153,15,1
19,99,43,62,0
19,100,342,361,0
20,1,119,138,0
20,2,112,17,1
20,3,70,89,0
20,4,98,3,1
20,5,361,380,0
20,6,134,153,0
20,7,41,60,0
20,8,91,110,0
20,9,87,106,0
20,10,106,11,1
20,11,24,43,0
20,12,165,184,0
20,13,79,98,0
20,14,58,77,0
20,15,144,163,0
20,16,231,250,0
20,17,60,79,0
20,18,22,41,0
20,19,191,210,0
20,20,17,36,0
20,21,47,66,0
20,22,49,68,0
20,23,361,380,0
20,24,26,45,0
20,25,115,134,0
20,26,9,28,0
20,27,361,380,0
20,28,361,380,0
20,29,136,155,0
20,30,361,380,0
20,31,140,159,0
20,32,361,380,0
20,33,96,1,1
20,34,361,380,0
20,35,3,22,0
20,36,121,140,0
20,37,64,83,0
20,38,20,39,0
20,39,169,188,0
20,40,108,13,1
20,41,93,112,0
20,42,32,51,0
20,43,361,380,0
20,44,36,55,0
20,45,51,70,0
20,46,138,157,0
20,47,127,146,0
20,48,11,30,0
20,49,193,212,0
20,50,66,85,0
20,51,229,248,0
20,52,159,178,0
20,53,361,380,0
20,54,85,104,0
20,55,39,58,0
20,56,45,64,0
20,57,77,96,0
20,58,28,47,0
20,59,74,93,0
20,60,13,32,0
20,61,104,9,1
20,62,361,380,0
20,63,53,72,0
20,64,100,5,1
20,65,361,380,0
20,66,142,161,0
20,67,81,100,0
20,68,361,380,0
20,69,89,108,0
20,70,102,7,1
20,71,43,62,0
20,72,129,148,0
20,73,7,26,0
20,74,83,102,0
20,75,34,53,0
20,76,131,150,0
20,77,155,174,0
20,78,361,380,0
20,79,72,91,0
20,80,146,165,0
20,81,68,87,0
20,82,1,20,0
20,83,123,142,0
20,84,361,380,0
20,85,117,136,0
20,86,361,380,0
20,87,153,172,0
20,88,361,380,0
20,89,55,74,0
20,90,233,252,0
20,91,157,176,0
20,92,5,24,0
20,93,110,15,1
20,94,125,144,0
20,95,361,380,0
20,96,361,380,0
20,97,30,49,0
20,98,15,34,0
20,99,62,81,0
20,100,361,380,0
21,1,138,157,0
21,2,17,36,0
21,3,89,108,0
21,4,3,22,0
21,5,380,399,0
21,6,153,172,0
21,7,60,79,0
21,8,110,15,1
21,9,106,125,0
21,10,11,30,0
21,11,43,62,0
21,12,184,203,0
21,13,98,117,0
21,14,77,96,0
21,15,163,182,0
21,16,250,5,1
21,17,79,98,0
21,18,41,60,0
21,19,210,229,0
21,20,36,55,0
21,21,66,85,0
21,22,68,87,0
21,23,380,399,0
21,24,45,64,0
21,25,134,153,0
21,26,28,47,0
21,27,380,399,0
21,28,380,1,1
21,29,155,174,0
21,30,380,399,0
21,31,159,178,0
21,32,380,399,0
21,33,1,20,0
21,34,380,399,0
21,35,22,41,0
21,36,140,159,0
21,37,83,102,0
21,38,39,58,0
21,39,188,207,0
21,40,13,32,0
21,41,112,17,1
21,42,51,70,0
21,43,380,399,0
21,44,55,74,0
21,45,70,89,0
21,46,157,176,0
21,47,146,165,0
21,48,30,49,0
21,49,212,231,0
21,50,85,104,0
21,51,248,3,1
21,52,178,197,0
21,53,380,399,0
21,54,104,123,0
21,55,58,77,0
21,56,64,83,0
21,57,96,115,0
21,58,47,66,0
21,59,93,11,1
21,60,32,51,0
21,61,9,28,0
21,62,380,399,0
21,63,72,91,0
21,64,5,24,0
21,65,380,399,0
21,66,161,180,0
21,67,100,119,0
21,68,380,399,0
21,69,108,127,0
21,70,7,26,0
21,71,62,81,0
21,72,148,167,0
21,73,26,45,0
21,74,102,121,0
21,75,53,72,0
21,76,150,169,0
21,77,174,193,0
21,78,380,399,0
21,79,91,13,1
21,80,165,184,0
21,81,87,106,0
21,82,20,39,0
21,83,142,161,0
21,84,380,399,0
21,85,136,155,0
21,86,380,399,0
21,87,172,191,0
21,88,380,9,1
21,89,74,93,0
21,90,252,7,1
21,91,176,195,0
21,92,24,43,0
21,93,15,34,0
21,94,144,163,0
21,95,380,399,0
21,96,380,399,0
21,97,49,68,0
21,98,34,53,0
21,99,81,100,0
21,100,380,399,0
22,1,157,176,0
22,2,36,55,0
22,3,108,127,0
22,4,22,41,0
22,5,399,418,0
22,6,172,191,0
22,7,79,98,0
22,8,15,34,0
22,9,125,144,0
22,10,30,49,0
22,11,62,81,0
22,12,203,222,0
22,13,117,136,0
22,14,96,115,0
22,15,182,201,0
22,16,5,24,0
22,17,98,117,0
22,18,60,79,0
22,19,229,248,0
22,20,55,74,0
22,21,85,104,0
22,22,87,106,0
22,23,399,15,1
22,24,64,83,0
22,25,153,172,0
22,26,47,66,0
22,27,399,3,1
22,28,1,20,0
22,29,174,193,0
22,30,399,1,1
22,31,178,197,0
22,32,399,418,0
22,33,20,39,0
22,34,399,418,0
22,35,41,60,0
22,36,159,178,0
22,37,102,121,0
22,38,58,77,0
22,39,207,226,0
22,40,32,51,0
22,41,17,36,0
22,42,70,89,0
22,43,399,17,1
22,44,74,93,0
22,45,89,108,0
22,46,176,195,0
22,47,165,184,0
22,48,49,68,0
22,49,231,250,0
22,50,104,123,0
22,51,3,22,0
22,52,197,216,0
22,53,399,418,0
22,54,123,142,0
22,55,77,96,0
22,56,83,102,0
22,57,115,134,0
22,58,66,85,0
22,59,11,30,0
22,60,51,70,0
22,61,28,47,0
22,62,399,418,0
22,63,91,110,0
22,64,24,43,0
22,65,399,7,1
22,66,180,199,0
22,67,119,138,0
22,68,399,11,1
22,69,127,146,0
22,70,26,45,0
22,71,81,100,0
22,72,167,186,0
22,73,45,64,0
22,74,121,140,0
22,75,72,91,0
22,76,169,188,0
22,77,193,212,0
22,78,399,418,0
22,79,13,32,0
22,80,184,203,0
22,81,106,125,0
22,82,39,58,0
22,83,161,180,0
22,84,399,418,0
22,85,155,174,0
22,86,399,5,1
22,87,191,210,0
22,88,9,28,0
22,89,93,112,0
22,90,7,26,0
22,91,195,214,0
22,92,43,62,0
22,93,34,53,0
22,94,163,182,0
22,95,399,418,0
22,96,399,13,1
22,97,68,87,0
22,98,53,72,0
22,99,100,119,0
22,100,399,9,1
23,1,176,195,0
23,2,55,74,0
23,3,127,146,0
23,4,41,60,0
23,5,418,437,0
23,6,191,1,1
23,7,98,117,0
23,8,34,53,0
23,9,144,163,0
23,10,49,68,0
23,11,81,100,0
23,12,222,241,0
23,13,136,155,0
23,14,115,134,0
23,15,201,11,1
23,16,24,43,0
23,17,117,136,0
23,18,79,98,0
23,19,248,15,1
23,20,74,93,0
23,21,104,123,0
23,22,106,125,0
23,23,15,34,0
23,24,83,102,0
23,25,172,191,0
23,26,66,85,0
23,27,3,22,0
23,28,20,39,0
23,29,193,3,1
23,30,1,20,0
23,31,197,7,1
23,32,418,437,0
23,33,39,58,0
23,34,418,437,0
23,35,60,79,0
23,36,178,197,0
23,37,121,140,0
23,38,77,96,0
23,39,226,245,0
23,40,51,70,0
23,41,36,55,0
23,42,89,108,0
23,43,17,36,0
23,44,93,112,0
23,45,108,127,0
23,46,195,5,1
23,47,184,203,0
23,48,68,87,0
23,49,250,17,1
23,50,123,142,0
23,51,22,41,0
23,52,216,235,0
23,53,418,437,0
23,54,142,161,0
23,55,96,115,0
23,56,102,121,0
23,57,134,153,0
23,58,85,104,0
23,59,30,49,0
23,60,70,89,0
23,61,47,66,0
23,62,418,437,0
23,63,110,129,0
23,64,43,62,0
23,65,7,26,0
23,66,199,9,1
23,67,138,157,0
23,68,11,30,0
23,69,146,165,0
23,70,45,64,0
23,71,100,119,0
23,72,186,205,0
23,73,64,83,0
23,74,140,159,0
23,75,91,110,0
23,76,188,207,0
23,77,212,231,0
23,78,418,437,0
23,79,32,51,0
23,80,203,13,1
23,81,125,144,0
23,82,58,77,0
23,83,180,199,0
23,84,418,437,0
23,85,174,193,0
23,86,5,24,0
23,87,210,229,0
23,88,28,47,0
23,89,112,131,0
23,90,26,45,0
23,91,214,233,0
23,92,62,81,0
23,93,53,72,0
23,94,182,201,0
23,95,418,437,0
23,96,13,32,0
23,97,87,106,0
23,98,72,91,0
23,99,119,138,0
23,100,9,28,0
24,1,195,214,0
24,2,74,93,0
24,3,146,165,0
24,4,60,79,0
24,5,437,456,0
24,6,1,20,0
24,7,117,136,0
24,8,53,72,0
24,9,163,182,0
24,10,68,87,0
24,11,100,119,0
24,12,241,260,0
24,13,155,174,0
24,14,134,5,1
24,15,11,30,0
24,16,43,62,0
24,17,136,7,1
24,18,98,117,0
24,19,15,34,0
24,20,93,1,1
24,21,123,142,0
24,22,125,144,0
24,23,34,53,0
24,24,102,121,0
24,25,191,210,0
24,26,85,104,0
24,27,22,41,0
24,28,39,58,0
24,29,3,22,0
24,30,20,39,0
24,31,7,26,0
24,32,437,456,0
24,33,58,77,0
24,34,437,456,0
24,35,79,98,0
24,36,197,216,0
24,37,140,11,1
24,38,96,115,0
24,39,245,17,1
24,40,70,89,0
24,41,55,74,0
24,42,108,127,0
24,43,36,55,0
24,44,112,131,0
24,45,127,146,0
24,46,5,24,0
24,47,203,222,0
24,48,87,106,0
24,49,17,36,0
24,50,142,13,1
24,51,41,60,0
24,52,235,254,0
24,53,437,456,0
24,54,161,180,0
24,55,115,134,0
24,56,121,140,0
24,57,153,172,0
24,58,104,123,0
24,59,49,68,0
24,60,89,108,0
24,61,66,85,0
24,62,437,456,0
24,63,129,148,0
24,64,62,81,0
24,65,26,45,0
24,66,9,28,0
24,67,157,176,0
24,68,30,49,0
24,69,165,184,0
24,70,64,83,0
24,71,119,138,0
24,72,205,224,0
24,73,83,102,0
24,74,159,178,0
24,75,110,129,0
24,76,207,226,0
24,77,231,250,0
24,78,437,456,0
24,79,51,70,0
24,80,13,32,0
24,81,144,15,1
24,82,77,96,0
24,83,199,218,0
24,84,437,456,0
24,85,193,212,0
24,86,24,43,0
24,87,229,248,0
24,88,47,66,0
24,89,131,150,0
24,90,45,64,0
24,91,233,252,0
24,92,81,100,0
24,93,72,91,0
24,94,201,220,0
24,95,437,456,0
24,96,32,51,0
24,97,106,125,0
24,98,91,3,1
24,99,138,9,1
24,100,28,47,0
25,1,214,233,0
25,2,93,112,0
25,3,165,184,0
25,4,79,98,0
25,5,456,9,1
25,6,20,39,0
25,7,136,155,0
25,8,72,91,0
25,9,182,201,0
25,10,87,106,0
25,11,119,138,0
25,12,260,279,0
25,13,174,193,0
25,14,5,24,0
25,15,30,49,0
25,16,62,81,0
25,17,7,26,0
25,18,117,136,0
25,19,34,53,0
25,20,1,20,0
25,21,142,161,0
25,22,144,163,0
25,23,53,72,0
25,24,121,140,0
25,25,210,15,1
25,26,104,123,0
25,27,41,60,0
25,28,58,77,0
25,29,22,41,0
25,30,39,58,0
25,31,26,45,0
25,32,456,7,1
25,33,77,96,0
25,34,456,11,1
25,35,98,117,0
25,36,216,235,0
25,37,11,30,0
25,38,115,134,0
25,39,17,36,0
25,40,89,108,0
25,41,74,93,0
25,42,127,146,0
25,43,55,74,0
25,44,131,150,0
25,45,146,165,0
25,46,24,43,0
25,47,222,241,0
25,48,106,125,0
25,49,36,55,0
25,50,13,32,0
25,51,60,79,0
25,52,254,273,0
25,53,456,17,1
25,54,180,199,0
25,55,134,153,0
25,56,140,159,0
25,57,172,191,0
25,58,123,142,0
25,59,68,87,0
25,60,108,127,0
25,61,85,104,0
25,62,456,475,0
25,63,148,167,0
25,64,81,100,0
25,65,45,64,0
25,66,28,47,0
25,67,176,195,0
25,68,49,68,0
25,69,184,203,0
25,70,83,102,0
25,71,138,157,0
25,72,224,243,0
25,73,102,121,0
25,74,178,197,0
25,75,129,148,0
25,76,226,245,0
25,77,250,269,0
25,78,456,1,1
25,79,70,89,0
25,80,32,51,0
25,81,15,34,0
25,82,96,115,0
25,83,218,237,0
25,84,456,5,1
25,85,212,13,1
25,86,43,62,0
25,87,248,267,0
25,88,66,85,0
25,89,150,169,0
25,90,64,83,0
25,91,252,271,0
25,92,100,119,0
25,93,91,110,0
25,94,220,239,0
25,95,456,3,1
25,96,51,70,0
25,97,125,144,0
25,98,3,22,0
25,99,9,28,0
25,100,47,66,0
26,1,233,252,0
26,2,112,17,1
26,3,184,203,0
26,4,98,117,0
26,5,9,28,0
26,6,39,58,0
26,7,155,174,0
26,8,91,110,0
26,9,201,220,0
26,10,106,125,0
26,11,138,157,0
26,12,279,298,0
26,13,193,212,0
26,14,24,43,0
26,15,49,68,0
26,16,81,100,0
26,17,26,45,0
26,18,136,155,0
26,19,53,72,0
26,20,20,39,0
26,21,161,5,1
26,22,163,7,1
26,23,72,91,0
26,24,140,159,0
26,25,15,34,0
26,26,123,142,0
26,27,60,79,0
26,28,77,96,0
26,29,41,60,0
26,30,58,77,0
26,31,45,64,0
26,32,7,26,0
26,33,96,115,0
26,34,11,30,0
26,35,117,136,0
26,36,235,254,0
26,37,30,49,0
26,38,134,153,0
26,39,36,55,0
26,40,108,127,0
26,41,93,112,0
26,42,146,165,0
26,43,74,93,0
26,44,150,169,0
26,45,165,9,1
26,46,43,62,0
26,47,241,260,0
26,48,125,144,0
26,49,55,74,0
26,50,32,51,0
26,51,79,98,0
26,52,273,292,0
26,53,17,36,0
26,54,199,218,0
26,55,153,172,0
26,56,159,3,1
26,57,191,210,0
26,58,142,161,0
26,59,87,106,0
26,60,127,146,0
26,61,104,123,0
26,62,475,494,0
26,63,167,11,1
26,64,100,119,0
26,65,64,83,0
26,66,47,66,0
26,67,195,214,0
26,68,68,87,0
26,69,203,222,0
26,70,102,121,0
26,71,157,1,1
26,72,243,262,0
26,73,121,140,0
26,74,197,216,0
26,75,148,167,0
26,76,245,264,0
26,77,269,288,0
26,78,1,20,0
26,79,89,108,0
26,80,51,70,0
26,81,34,53,0
26,82,115,134,0
26,83,237,256,0
26,84,5,24,0
26,85,13,32,0
26,86,62,81,0
26,87,267,286,0
26,88,85,104,0
26,89,169,13,1
26,90,83,102,0
26,91,271,290,0
26,92,119,138,0
26,93,110,15,1
26,94,239,258,0
26,95,3,22,0
26,96,70,89,0
26,97,144,163,0
26,98,22,41,0
26,99,28,47,0
26,100,66,85,0
27,1,252,271,0
27,2,17,36,0
27,3,203,222,0
27,4,117,5,1
27,5,28,47,0
27,6,58,77,0
27,7,174,193,0
27,8,110,1,1
27,9,220,239,0
27,10,125,13,1
27,11,157,176,0
27,12,298,317,0
27,13,212,231,0
27,14,43,62,0
27,15,68,87,0
27,16,100,119,0
27,17,45,64,0
27,18,155,174,0
27,19,72,91,0
27,20,39,58,0
27,21,5,24,0
27,22,7,26,0
27,23,91,110,0
27,24,159,178,0
27,25,34,53,0
27,26,142,161,0
27,27,79,98,0
27,28,96,115,0
27,29,60,79,0
27,30,77,96,0
27,31,64,83,0
27,32,26,45,0
27,33,115,3,1
27,34,30,49,0
27,35,136,155,0
27,36,254,273,0
27,37,49,68,0
27,38,153,172,0
27,39,55,74,0
27,40,127,15,1
27,41,112,17,1
27,42,165,184,0
27,43,93,112,0
27,44,169,188,0
27,45,9,28,0
27,46,62,81,0
27,47,260,279,0
27,48,144,163,0
27,49,74,93,0
27,50,51,70,0
27,51,98,117,0
27,52,292,311,0
27,53,36,55,0
27,54,218,237,0
27,55,172,191,0
27,56,3,22,0
27,57,210,229,0
27,58,161,180,0
27,59,106,125,0
27,60,146,165,0
27,61,123,11,1
27,62,494,513,0
27,63,11,30,0
27,64,119,7,1
27,65,83,102,0
27,66,66,85,0
27,67,214,233,0
27,68,87,106,0
27,69,222,241,0
27,70,121,9,1
27,71,1,20,0
27,72,262,281,0
27,73,140,159,0
27,74,216,235,0
27,75,167,186,0
27,76,264,283,0
27,77,288,307,0
27,78,20,39,0
27,79,108,127,0
27,80,70,89,0
27,81,53,72,0
27,82,134,153,0
27,83,256,275,0
27,84,24,43,0
27,85,32,51,0
27,86,81,100,0
27,87,286,305,0
27,88,104,123,0
27,89,13,32,0
27,90,102,121,0
27,91,290,309,0
27,92,138,157,0
27,93,15,34,0
27,94,258,277,0
27,95,22,41,0
27,96,89,108,0
27,97,163,182,0
27,98,41,60,0
27,99,47,66,0
27,100,85,104,0
28,1,271,290,0
28,2,36,55,0
28,3,222,13,1
28,4,5,24,0
28,5,47,66,0
28,6,77,96,0
28,7,193,212,0
28,8,1,20,0
28,9,239,9,1
28,10,13,32,0
28,11,176,195,0
28,12,317,336,0
28,13,231,1,1
28,14,62,81,0
28,15,87,106,0
28,16,119,138,0
28,17,64,83,0
28,18,174,193,0
28,19,91,110,0
28,20,58,77,0
28,21,24,43,0
28,22,26,45,0
28,23,110,129,0
28,24,178,197,0
28,25,53,72,0
28,26,161,180,0
28,27,98,117,0
28,28,115,134,0
28,29,79,98,0
28,30,96,115,0
28,31,83,102,0
28,32,45,64,0
28,33,3,22,0
28,34,49,68,0
28,35,155,174,0
28,36,273,292,0
28,37,68,87,0
28,38,172,191,0
28,39,74,93,0
28,40,15,34,0
28,41,17,36,0
28,42,184,203,0
28,43,112,131,0
28,44,188,207,0
28,45,28,47,0
28,46,81,100,0
28,47,279,298,0
28,48,163,182,0
28,49,93,112,0
28,50,70,89,0
28,51,117,136,0
28,52,311,330,0
28,53,55,74,0
28,54,237,7,1
28,55,191,210,0
28,56,22,41,0
28,57,229,248,0
28,58,180,199,0
28,59,125,17,1
28,60,165,184,0
28,61,11,30,0
28,62,513,532,0
28,63,30,49,0
28,64,7,26,0
28,65,102,121,0
28,66,85,104,0
28,67,233,3,1
28,68,106,125,0
28,69,241,11,1
28,70,9,28,0
28,71,20,39,0
28,72,281,300,0
28,73,159,178,0
28,74,235,5,1
28,75,186,205,0
28,76,283,302,0
28,77,307,326,0
28,78,39,58,0
28,79,127,15,1
28,80,89,108,0
28,81,72,91,0
28,82,153,172,0
28,83,275,294,0
28,84,43,62,0
28,85,51,70,0
28,86,100,119,0
28,87,305,324,0
28,88,123,142,0
28,89,32,51,0
28,90,121,140,0
28,91,309,328,0
28,92,157,176,0
28,93,34,53,0
28,94,277,296,0
28,95,41,60,0
28,96,108,127,0
28,97,182,201,0
28,98,60,79,0
28,99,66,85,0
28,100,104,123,0
29,1,290,3,1
29,2,55,74,0
29,3,13,32,0
29,4,24,43,0
29,5,66,85,0
29,6,96,115,0
29,7,212,231,0
29,8,20,39,0
29,9,9,28,0
29,10,32,51,0
29,11,195,214,0
29,12,336,17,1
29,13,1,20,0
29,14,81,100,0
29,15,106,125,0
29,16,138,157,0
29,17,83,102,0
29,18,193,212,0
29,19,110,129,0
29,20,77,96,0
29,21,43,62,0
29,22,45,64,0
29,23,129,148,0
29,24,197,216,0
29,25,72,91,0
29,26,180,199,0
29,27,117,136,0
29,28,134,153,0
29,29,98,117,0
29,30,115,134,0
29,31,102,121,0
29,32,64,83,0
29,33,22,41,0
29,34,68,87,0
29,35,174,193,0
29,36,292,5,1
29,37,87,106,0
29,38,191,210,0
29,39,93,112,0
29,40,34,53,0
29,41,36,55,0
29,42,203,222,0
29,43,131,150,0
29,44,207,226,0
29,45,47,66,0
29,46,100,119,0
29,47,298,11,1
29,48,182,201,0
29,49,112,131,0
29,50,89,108,0
29,51,136,155,0
29,52,330,349,0
29,53,74,93,0
29,54,7,26,0
29,55,210,229,0
29,56,41,60,0
29,57,248,267,0
29,58,199,218,0
29,59,17,36,0
29,60,184,203,0
29,61,30,49,0
29,62,532,1,1
29,63,49,68,0
29,64,26,45,0
29,65,121,140,0
29,66,104,123,0
29,67,3,22,0
29,68,125,144,0
29,69,11,30,0
29,70,28,47,0
29,71,39,58,0
29,72,300,13,1
29,73,178,197,0
29,74,5,24,0
29,75,205,224,0
29,76,302,15,1
29,77,326,345,0
29,78,58,77,0
29,79,15,34,0
29,80,108,127,0
29,81,91,110,0
29,82,172,191,0
29,83,294,7,1
29,84,62,81,0
29,85,70,89,0
29,86,119,138,0
29,87,324,343,0
29,88,142,161,0
29,89,51,70,0
29,90,140,159,0
29,91,328,347,0
29,92,176,195,0
29,93,53,72,0
29,94,296,9,1
29,95,60,79,0
29,96,127,146,0
29,97,201,220,0
29,98,79,98,0
29,99,85,104,0
29,100,123,142,0
30,1,3,22,0
30,2,74,93,0
30,3,32,51,0
30,4,43,62,0
30,5,85,104,0
30,6,115,134,0
30,7,231,250,0
30,8,39,58,0
30,9,28,47,0
30,10,51,70,0
30,11,214,1,1
30,12,17,36,0
30,13,20,39,0
30,14,100,119,0
30,15,125,144,0
30,16,157,176,0
30,17,102,121,0
30,18,212,3,1
30,19,129,148,0
30,20,96,115,0
30,21,62,81,0
30,22,64,83,0
30,23,148,167,0
30,24,216,235,0
30,25,91,110,0
30,26,199,218,0
30,27,136,155,0
30,28,153,172,0
30,29,117,136,0
30,30,134,153,0
30,31,121,140,0
30,32,83,102,0
30,33,41,60,0
30,34,87,106,0
30,35,193,212,0
30,36,5,24,0
30,37,106,125,0
30,38,210,5,1
30,39,112,131,0
30,40,53,72,0
30,41,55,74,0
30,42,222,241,0
30,43,150,169,0
30,44,226,245,0
30,45,66,85,0
30,46,119,138,0
30,47,11,30,0
30,48,201,220,0
30,49,131,150,0
30,50,108,127,0
30,51,155,174,0
30,52,349,17,1
30,53,93,112,0
30,54,26,45,0
30,55,229,248,0
30,56,60,79,0
30,57,267,286,0
30,58,218,237,0
30,59,36,55,0
30,60,203,222,0
30,61,49,68,0
30,62,1,20,0
30,63,68,87,0
30,64,45,64,0
30,65,140,159,0
30,66,123,142,0
30,67,22,41,0
30,68,144,163,0
30,69,30,49,0
30,70,47,66,0
30,71,58,77,0
30,72,13,32,0
30,73,197,216,0
30,74,24,43,0
30,75,224,243,0
30,76,15,34,0
30,77,345,13,1
30,78,77,9,1
30,79,34,53,0
30,80,127,146,0
30,81,110,129,0
30,82,191,210,0
30,83,7,26,0
30,84,81,100,0
30,85,89,108,0
30,86,138,157,0
30,87,343,11,1
30,88,161,180,0
30,89,70,89,0
30,90,159,178,0
30,91,347,15,1
30,92,195,214,0
30,93,72,91,0
30,94,9,28,0
30,95,79,7,1
30,96,146,165,0
30,97,220,239,0
30,98,98,117,0
30,99,104,123,0
30,100,142,161,0
